file,category,split,boxes,pixel_sha256
CEREAL0270.png,cereal,train,1,4804cd7e1717dec3a128d8353adbe21780dbbd31e8c4703e51c855b768cca28a
CEREAL0005.png,cereal,train,5,06a5f273ebb302e70fc983883c31254a59ff366de5a342e168f787b6461d5f22
CEREAL0271.png,cereal,train,1,78a3b39e2b990fa44c59d79795edb6243ef0d29c0ca0de48f13098465a2a68a1
CEREAL0129.png,cereal,train,2,6f711e08db0b391d3190990cfe42ce0b12bf71c4b4d880038757f0b09ee1dd48
CEREAL0247.png,cereal,train,1,34802de72567fc7ac6bacd3b4ba5edbcb98c4eebf6b5b88eee06f12ce4ba5446
CEREAL0042.png,cereal,train,1,a08b05942f1a49db968471809c0d04754b9e57f5a2b406c0dbb1c3b31bf5f55b
CEREAL0110.png,cereal,train,2,af36d5191b55897d8a2a63d15ad3c54306643300b10461f3139334696d41967f
CEREAL0009.png,cereal,train,2,1cc818d192e4f2b52cffc2ca1d31ae39a7850c804cf249e6e7681da7964149f1
CEREAL0006.png,cereal,train,2,1b173d95f1b683787cde5a3dec820c58d39263962167963b538ec86c59c2525c
CEREAL0073.png,cereal,train,2,8e10fb3917cee1a0505da28685a8acba0d5587d73effd89097a35691831c77ae
CEREAL0202.png,cereal,train,5,e292fb14598ba96b1a03386c7e0af9e103922d6e8fbf1cb5b5280ec88bd4ba17
CEREAL0124.png,cereal,train,3,82275987582c90cbd8e0100ec94a6ea3a67f903b539a6eabe5b19356b9bec219
CEREAL0242.png,cereal,train,1,98fb7221e199a6d0c25c7450ee7828dd9f90fdee8c6f33bf5bae057200647fb6
CEREAL0146.png,cereal,train,2,120a3b6333895da0afd602c5d1d2ff26b0c2c70208e77aa6fe8f88d18a0d34cd
CEREAL0208.png,cereal,train,1,a9a00260ca098bdd5c1a42e6a4702342e4c0cfcd282732a4ff9f36468cde4ec6
CEREAL0106.png,cereal,train,2,1ef664215ae9acd968ed5cbd6c31b8848f36f53794d45a1e8ac47529c1b6e229
CEREAL0246.png,cereal,train,1,f20e9039afda5a39a0295934d81d6a7457a772209d2858c000cf718e96559a91
CEREAL0104.png,cereal,train,2,6aedc219faca6d90192e4ea6f26b2bda7a7032e68df96a6df6f88f999d0e71f8
CEREAL0184.png,cereal,train,2,439858344d322c5cdf7d54daba707afe8170837aea9e2ef7db11e267ec0da8cd
CEREAL0133.png,cereal,train,2,da5bc97ecb9c68444749053e58a38f0274a2454c40d126343799b234401feac3
CEREAL0103.png,cereal,train,2,93a4dba54902e01e5b6ee095df0613cec6af6fd9b96fc6af38fd7fab3d620ed9
CEREAL0159.png,cereal,train,1,df99b33d815c79142a48dcd4024fa5570570ea61d5c421551ba726a8743761f8
CEREAL0113.png,cereal,train,1,5ce625203ea16ab60243f7bedd4434be1f00a71c7a2a15a43a14014918ebe253
CEREAL0223.png,cereal,train,1,5fb01139e3ed6d0866a8ecdbc6a89ed8d88bd9c7ca43bf106c977abd9e196be3
CEREAL0239.png,cereal,train,1,ec2673b032616b6caa708762687c25234bf0b922ed156740a8914459a8412970
CEREAL0213.png,cereal,train,2,905c0b1bd9f702ca6e893e3fbc2ce1fc08cca0fe098ee7d24d574f36a6fbaa9c
CEREAL0217.png,cereal,train,2,ee511c0004aab18924b9b620fffe4dcb7e9d282ae019d0a24d005580ce5ab82f
CEREAL0079.png,cereal,train,2,cd49b72a6d32b7d344c2dd32e14ab97f8d665b33b6f0b8edf9990633a63a3a98
CEREAL0205.png,cereal,train,2,fd21dc1c5b87726336e9d309c20345116465b5b17138e5eabbbde5da48325782
CEREAL0228.png,cereal,train,1,e272e4e71eaa3ed4a4309c41a1d72a18a94516e7aa9814ac083b1a529629edbb
CEREAL0050.png,cereal,train,2,cf85ce8cb8ca32a4b08c6bf4e8fc6c3a6d9de290c7cb4d1a665ac5595d0d310f
CEREAL0170.png,cereal,train,1,05e1806be368fbdd383855d9cb2e39f9ef16dbadf5aabc07893e08a17c6aacff
CEREAL0248.png,cereal,train,1,2bbd3aaee881efc2182b1452e26b1faa217f71f7a71784ca0e0afd9b0e5da02b
CEREAL0221.png,cereal,train,1,c02f9cd21c2f73703d7ef239630c0be0301480a00a50b4bb55c1d43313d9417e
CEREAL0192.png,cereal,train,3,ecc1372d47271f8318ed47f396cc5c9f8d5577f65a03dcbad71420e20ee65c7e
CEREAL0089.png,cereal,train,4,8d5c2b5a1ed203a645210657d83fcfb433bb90f152587a5a973e4a4835e4756b
CEREAL0198.png,cereal,train,1,46dd1092452d3b6a185285701cabfaf4f74550f4ce0f80c61fc582b8929edd3c
CEREAL0193.png,cereal,train,3,3deea0cc0429b99886254674f030d311d6310479cb2cf5945af80521c96cf3dc
CEREAL0084.png,cereal,train,1,e42c0447d94b9b505a253d38b2e3934b57834ec3d50a4dfed8b534a7bd29b477
CEREAL0034.png,cereal,train,2,e76580772b719974bb2d1c6be427ef4b401b9bf0b7ad5a406222e05f14055892
CEREAL0115.png,cereal,train,3,4b638d7c2b11c64f0b9c0271cd87b25c5e72981d804a0e195bb3cb27065f0297
CEREAL0238.png,cereal,train,2,d02dbbe2077d4ecf17a17c57abd6b87b80f0c175e995af3380938d32574868be
CEREAL0218.png,cereal,train,2,f5fcfce3f05cbbef4502d592e6a1a616ff8cd9a27eee8284d44e91cec150cf56
CEREAL0065.png,cereal,train,1,7cad2ab9a83ebdf03f14917d9d63ede89f25a4eb08e5ad99aca2613ad3c84f2b
CEREAL0032.png,cereal,train,2,5f830400924b22825cae90ac786aa850717f0b356eb6e9e0d599b2b58a538f1b
CEREAL0048.png,cereal,train,2,83cab736a0d880f5d38ce8c73d3d6b5c6dd56220e152d98090514d584d3c6b6b
CEREAL0061.png,cereal,train,2,1052d3fa376c3f6a22603e6f49185e2e71150010ae54c550da85fe6870fe23fc
CEREAL0095.png,cereal,train,1,9d9f5f243c96318b16150b2116f73673a2e5db70b89007bbb8cc3b7e93acea7a
CEREAL0201.png,cereal,train,1,268a4d64506ea5e6e6e4c26f9b2a8bfff4d1c3520fed64be6f01162ade594417
CEREAL0249.png,cereal,train,1,6fb859b9f11331ec78ce12937fd1efc90b2aeac80d6dd0df1d958291f2e84647
CEREAL0256.png,cereal,train,1,89ab3e2858150276d81e77e12176b7f2ec6cb0d462835e86d2687a100e951879
CEREAL0166.png,cereal,train,2,b9095d41b6b3b8c73a4b8e1a955102cf938862b4b89e04fff9f0838af2d4cf78
CEREAL0045.png,cereal,train,1,4c06b810a267f32f710cb2e8de4208e05e844e7e9586dca4d53f126d03b1d0d3
CEREAL0085.png,cereal,train,2,7fe7d4a36535d41a28af50675786ffcc40d7fb4e35a6bae48d04c0d2225075b1
CEREAL0196.png,cereal,train,2,11d792ae548ea3af1f30b23c56e3924898f5fe911c50aeb60d3f972a0b62d57a
CEREAL0139.png,cereal,train,2,5cb2ba8387253b21deed84e4333737ac33cca891e0c94c55d1ed98e88f9ea245
CEREAL0211.png,cereal,train,2,3b37661c3cc2f43489c9b327be67acb19d7949933bf722d58d87798a3a78f27c
CEREAL0203.png,cereal,train,1,deb747af02695271d14c6c51ea4e5d7fa4671f1070ae8884cc603545d844f5a7
CEREAL0153.png,cereal,train,3,6ee37d14c8186e2ad5b55eb3377d1f4488f63a0f440db382feae2706168bbc71
CEREAL0037.png,cereal,train,1,7258d23b7e2200084760696ba71fece959d4e180136269ca95f9871777d8252d
CEREAL0001.png,cereal,train,2,527ed62a0a5c03c025ddd6b0b9c9c734c80e063089007e620683669c5c7ce064
CEREAL0078.png,cereal,train,2,1618b078e0770fc4553e06ef730d5a3c52cc4d677fd72e6fffd70574c77b5810
CEREAL0004.png,cereal,train,1,6b6c41558375bdf8f48f7ec5ff223559d58229fc9cd5d350506a5322c76102ef
CEREAL0148.png,cereal,train,1,d3cb762951ae497a2ed4ecd9504b4c7b901a341072d9cfbee2fdfa94db71882c
CEREAL0231.png,cereal,train,1,906ade9523d11dcf29da6f711f705a16eae66f4cbcb048366ce5780e2a512bf0
CEREAL0267.png,cereal,train,1,395c97664108f00f00b4aa7dd8f58b5ac338b8fefa74ebd7e7a471f85d103c8b
CEREAL0277.png,cereal,train,1,35e8df11abe061ec1ecda3f2a7fd88c0fc88aedaba252179c9a23aa3b8387da5
CEREAL0066.png,cereal,train,1,73c2d717417055c787fe371b0412815c7ccacdce7b4598857b05f9326f5d203b
CEREAL0150.png,cereal,train,1,8d74b2fe36fa4aab3b32f08b832e75f85377ea4f708420c6ed8ad50494e5d3d8
CEREAL0105.png,cereal,train,2,269c844919c3f0b7a0ecf481adb5c2178212c89ea9d5bb65452c952fd2f14a33
CEREAL0051.png,cereal,val,1,fd3d7e383c5836a21efdd7259b283f190aaa1eb44a91e919d86115a64313f60e
CEREAL0121.png,cereal,val,1,194ded55dee664ba1629aaeade9040d98e7c0ff4b0e6d9ecaaafa45a88a60e30
CEREAL0273.png,cereal,val,2,e3da6dab9f67637ed772e9af552082181e1c4a5c19f282a2bde7b19f175ceaf2
CEREAL0152.png,cereal,val,1,6e605773b093084d6da09095e5b02660870149799b30dff86cff01f5bb48818a
CEREAL0027.png,cereal,val,2,2161293f6962cf23c6d16027b944274badba3e799e77a8bbe0e6c8e511634523
CEREAL0168.png,cereal,val,2,d70a4ddf982a0f3b00afb0e0954444cf0cf34665201481e2d1f415e0c4ba8b0b
CEREAL0100.png,cereal,val,1,90e0b4afb168c56f22f7643633ffb26a8a6c8dc8f056924c1a83fd2ccfa92dd4
CEREAL0120.png,cereal,val,1,58b1209cf8cccf012aac6e3574a7762d8c02a42cdf949cb4ffae00e98c2b078d
CEREAL0021.png,cereal,val,2,359df11e594e60d0543a7575441db2cb3391b41e0471f0a43f2549177d1abc82
CEREAL0070.png,cereal,val,2,5af3f8cc5d5c5c0a89b2dbfe7a7b8c107eb1c776624c1b9c57c53e47343baa57
CEREAL0060.png,cereal,val,1,80d46846d21b95db6cdbc15bf081d7a2ba773fbd66a0dfba6a0c62f658ccb56d
CEREAL0082.png,cereal,val,1,ded5fdff4db11cb905b677dd69610f3e5bc23e9b97070a108ddf4d772a800432
CEREAL0275.png,cereal,val,1,533306c48ae601013703b95283c18207f51e48ca3b375c50a233b3e654eed905
CEREAL0132.png,cereal,val,2,33bda51d90c79da4aa34b24abd7b6ce31b98cd6b835364856d09c4aa099058f2
CEREAL0183.png,cereal,val,2,ebb881bfc51b07902b1c6a7aab6af7ecd947361219a758d9f4c6740cf82bcc39
CEREAL0230.png,cereal,test,1,e11a718a1bf8e52129eea4db1a0590950fb93ae239761f92a8d6d56c67b02ff3
CEREAL0131.png,cereal,test,1,0a32e05f60920f0b09e3362d45114f741920c6b740979060a282cef40f716736
CEREAL0010.png,cereal,test,3,8381e90ba365d9362ae776fc0645084032b9b31a30298f9125b15710d65026e8
CEREAL0072.png,cereal,test,2,01869db24e50882eab84ba5079d2692cf40b233a573fea694f59054cf54dbaf0
CEREAL0241.png,cereal,test,1,16d2304c8bb1261090d91065639f263d74f389ccfcc7c432580367342c2bf580
CEREAL0007.png,cereal,test,2,18b0d192482c47c31808217b74389161d48913f994683c154304c1eb8e75d940
CEREAL0030.png,cereal,test,2,7f1214e5be2aa09df74125895d3b2b9f8b4a5e65c8e996d7da5c28678c7f41f5
CEREAL0224.png,cereal,test,1,14c0f3a74e38d1fffe7f5078d1bfd602447f7ba70b861494822757806cd8d4d6
CEREAL0046.png,cereal,test,3,58954726c55dd2731e46a6f5c32b8ae3ebfde13ec57016d2192661c3796159e8
CEREAL0254.png,cereal,test,1,df5d3aefd98c77fab220e7741e9d132abc9fc83ab6c97ea16d171a96d4c7a10d
CEREAL0134.png,cereal,test,2,10bbb7a6a535c149018ebc5b939b665707849e334cf67c9b67a05f1ddc83dcf2
CEREAL0189.png,cereal,test,1,12c6198aeb0e83a84aa373ce6f9a345fdb0d7ef5c80062ba2b88735e09ce16f5
CEREAL0188.png,cereal,test,1,9562b536229cacbb6644f2fbb53884f3091c17bc2be88b39a042bcf1708a96a6
CEREAL0076.png,cereal,test,1,881eed19509edecd020aed74fb380a47f23cc1dad18e889cac5e3d3c6b9e51f9
CEREAL0274.png,cereal,test,1,bc8a6d4ac275ddbace285b4b6b37f7b994db0da0e8f7e283d4833f7dde29d5f9
COFFEE0274.png,coffee,train,1,db9e74b051be247b4352faa9043a5b02cea96e98a9df330c7ef6cdf2cf8deba7
COFFEE0056.png,coffee,train,4,57a9f1e56bb389ebd6afe7a0657ae3aaf8fb9567a38faba778c36e9ac0acddc3
COFFEE0057.png,coffee,train,4,4ddf099b827d0badad287991a622ec83e279ac8f85b553a6496269c85112e397
COFFEE0202.png,coffee,train,6,346fc18b7c1945f0dfa9d4001b1a15861dba3a305812f1b7f1298b81c35bd950
COFFEE0073.png,coffee,train,3,c7cfccc74fc3cca0368b3f5432a0242876c0e965ffbf2472c7d070faf5c0556b
COFFEE0099.png,coffee,train,2,96faf0292ec8d6c97c4443b858158422f01c516d58161964a1f7ba420b585285
COFFEE0147.png,coffee,train,2,80ee98a57c6b584e11fb9de9f898c5bc36248f7fb13ae808a7c6e9b1ddc0e920
COFFEE0201.png,coffee,train,3,3338fee4f1872bea8d7e5219cac0d5222d8f93b7620672cdd932d11393a574ae
COFFEE0083.png,coffee,train,2,31d7ffc684feb28a325b575fb924140e7856a3e549f09d8f8e0253d078d366d6
COFFEE0283.png,coffee,train,1,12a90dee2ae7d0727ebe2023ee55a78ec0d9d3894bce73eba635f50ac56b033d
COFFEE0211.png,coffee,train,1,3bdc8ba4fe931d6c0fd936b65ff3ee4f51c04b44934f8c1c840a2dcb69d18434
COFFEE0234.png,coffee,train,2,c76d83329009a5dac14755fd40dcc6f245ffbe2ffd34e6990c5c4230cdbbb63a
COFFEE0115.png,coffee,train,4,5a4a09725642e4459c8460751d5ebc0ae49528af1fbfcf73bacd6b23915da10d
COFFEE0267.png,coffee,train,2,4345df9e7892d388200afadcb64e1bd92ec265e6a7301f4827a883700c16b34a
COFFEE0132.png,coffee,train,2,4e310bbd6c9a2086c9060d2f5f99e11ff6ca95dcabf0b6c8b06cc5ef026ea553
COFFEE0150.png,coffee,train,3,3b179323b0eb71b9262c616ce7b3e8599ca56a81548f54c3dd2ada30dceb0ec1
COFFEE0155.png,coffee,train,3,8d0b5a2c67e501686df84a1a4e84a06bd915e84271a5dd6ee93e9bd1db452909
COFFEE0239.png,coffee,train,3,b0e61c82d882bce2e6fcc57fab64a7e1ccdbc8da61f6d892177f38517b04ef75
COFFEE0015.png,coffee,train,2,34d1fa1a97d03f331be569fdfd5b03edc4e45a5575e55a18e2ba07afa0aa3d1a
COFFEE0016.png,coffee,train,2,530ba4c47e08369a7a7d64ff5c610f8fd8b8f71b73cea3ac8a67753a39b1c049
COFFEE0255.png,coffee,train,6,3ae37cd34e7091025f936cd1609c4595325a5a7545f990060a0aa47b8d166b15
COFFEE0226.png,coffee,train,1,dd60d48a6db22854b672116bb6bbc1e2d1fdd6fa877275dfdfd98040c87f5f76
COFFEE0287.png,coffee,train,1,7836b38380640e2cb75e3498f45ff6978966a7c8f2e14ad240721cdefcd43959
COFFEE0166.png,coffee,train,2,beb2c9e5134045a26d0b63ad800794c226549f3191f3018b6b8512049d665ac1
COFFEE0250.png,coffee,train,3,23b3090dd69bf4a2873cfe7389f8ab8b59290a4496dc33212a618bad5cefeb64
COFFEE0124.png,coffee,train,4,46714472ba0321c23cd6b762d0d30cd6ffa708c4d67690320b917160d96cdded
COFFEE0050.png,coffee,train,1,1120a1229cb4a6b2220af0dec38dc3c13576a15ebad3305420ae6d9ca8f379f0
COFFEE0118.png,coffee,train,2,e781bb388dd83c1c0a16ddaded6f6f94fb83598b72398e334f16f1d9b78f7455
COFFEE0222.png,coffee,train,2,073b8035e487345d1482557810aa8e6df0bdb7bb382e31df2c56a0641f6e8b5e
COFFEE0196.png,coffee,train,4,4a179d54e804b75caac08f7c1d01f5979aa8eb9c4b66290b6522061183fb40ba
COFFEE0173.png,coffee,train,4,514e1fbe43b09b43a274d6682b6820e90672cc64ddd034a3154f1b19797b35fb
COFFEE0043.png,coffee,train,2,01cefa1c2a40a0aebe11228514015a6b88327f3b2b66b8d4da0e64aa86733241
COFFEE0206.png,coffee,train,1,dce219634533d4c5eabdaf0f83ee72f603245fa0ca8f02f4dfe054cf1ae1b248
COFFEE0230.png,coffee,train,3,9be9e10780213e1d0057b1d154d22cc0a1ee11efa9d336450b54c3caf005bc12
COFFEE0128.png,coffee,train,2,46782b99af35e76862230fff9ed98a80278fdddd08d0ce1ab791839038636cbe
COFFEE0182.png,coffee,train,4,16ae3a7cb8adce60a82d42b74e21ac0495aa61955a6356819160178dfc30dc1d
COFFEE0036.png,coffee,train,1,19a1624da6c5ffdac00bdc040a7522ebccc53b20e3f9b29168ab8ade26da7f74
COFFEE0229.png,coffee,train,2,1a533862d9a6f893b36b891fb65df69ce7f19537697732d775a995a18738837c
COFFEE0122.png,coffee,train,3,927870d0ab4d6219596c8ae52968bc7778dbf56bb36c4b93aaa22759c3abc437
COFFEE0294.png,coffee,train,2,da273a7181c06d653786bca830fab27e457cca2529655a476084b6061be6d6d3
COFFEE0012.png,coffee,train,2,f8af437eb2265ad236af1443b45bfd3d094da123c97548531aebaac1c507081e
COFFEE0092.png,coffee,train,2,b978a5dc5f0fa4ff28081988c4d8231f70ec87496b349a6f681caadd8791be27
COFFEE0140.png,coffee,train,6,0be3093f3cdde43594b18f8a11377bfd29df2fa886f2f5c5be24bebe2a4a64a4
COFFEE0218.png,coffee,train,1,c64d46c789dd86de468ecabcb1b582dbe60d6fc9fff15d9bb9de9da6aabc07c8
COFFEE0276.png,coffee,train,3,04308ae546fecb126bbb7f5627720298a0993f3d75b3b81b28e188e6d169e368
COFFEE0138.png,coffee,train,2,db92a8416389c50fe46cfa6c39f7e5eab51d8eace1870c843ce086da85801df4
COFFEE0071.png,coffee,train,2,9848597d3e8d3b2ed594902a763c44b68299bd584ffd0640187e29b5f81c323e
COFFEE0217.png,coffee,train,1,5036a69bbaa82af09c57936dd5cd27fda480b66ae35ee1dd58627762119e2bc9
COFFEE0216.png,coffee,train,2,89a6d06502d9abbc8d23a0fce676f3afa0f64f1937d3cc03638aa8012a360d97
COFFEE0178.png,coffee,train,3,dc597ad30f126796379e5d5f0183c9a685bd9322a867029a6167784b0ad48f8e
COFFEE0161.png,coffee,train,3,66f33a26561eeeb5b9196bcd8f56d0ba7075eea9ca46f91f4b8bd0392a5c5316
COFFEE0153.png,coffee,train,2,07f50dff2a5852060aecbc1d01084eea2dc5fad0b65523384620fa5963c663af
COFFEE0046.png,coffee,train,1,f975c05b7c19e67313ab1b0a23fd4e30d0347bc3e151d449ecc83e679b4b0786
COFFEE0295.png,coffee,train,1,d92e1a1d4f018b262bb77f1dfd6f10b8c2ed8a948bc6d8405463f73ad371898e
COFFEE0059.png,coffee,train,2,ae22e049c410c0667b11cd1b5684c1fdbe8183ae3023f2782080f6b8438471f3
COFFEE0116.png,coffee,train,2,ba8ad992bf9363891387c1190fe1e8a6eebc724c6c43d343a097ec2f00ea71cf
COFFEE0123.png,coffee,train,2,7fab9aeec646e3ca8acf772cf20d8c313926b9b839973d221e5520d6777a3859
COFFEE0021.png,coffee,train,3,23773a8bbdf173be27058023f7daeda4c01ff0629dda485effbd940a1898de23
COFFEE0130.png,coffee,train,2,ce849d38c6384878231ad87cd9e37637276a4dee80b907043e7adc245c41784b
COFFEE0275.png,coffee,train,2,3792a89e279f32f2a60c190354d64b9f735c7ffc2282bea49c4c2bb5800391a5
COFFEE0203.png,coffee,train,2,4c57432aacd4067395a102b3d3b7240db8f4a753a40e24842e39d1bdad93d7e6
COFFEE0185.png,coffee,train,2,852109629d3d945da34269a20356ce5315f9d9861a9a9c85545f4d0404d69d42
COFFEE0195.png,coffee,train,6,4484ba5e7808259dd081528a5cbf486896d427b432d05e47197c7575b8fe7a9c
COFFEE0106.png,coffee,train,4,268012d6dd917f328e7a1dd0bc96927274860ab492557c9a6227665ccef1dd09
COFFEE0164.png,coffee,train,2,24877c13d6d734f70a8d75119aad662925be1017f4bd2bc087442fdc343d5f0a
COFFEE0181.png,coffee,train,2,17576a3575b3185f06cf3eb9e7b74eecc6f5ed39ca53ee3791a92c44655fe300
COFFEE0005.png,coffee,train,1,7d94878457668c8c59f2b7cfe3cd7ff0208cb0c2a6b8dfe247667b924c79cdeb
COFFEE0252.png,coffee,train,2,4cb967a860780a52203ab56b82d9f1f2a832961830a86f86f85be59c793c7dad
COFFEE0096.png,coffee,train,3,7f0d016b168e0c6948ecd1a0fb09fc6f419f01e6bbf939debf6c4e25ee08c799
COFFEE0049.png,coffee,train,3,a6ebdcd85bc13f65158f4dfcce2d89bdad8418c3e3a6973101d071528709d8ef
COFFEE0114.png,coffee,val,2,dca5e2d0b258899176e809c8ea9c7fb69d23cca18d67e5124e9edd83ae8b9303
COFFEE0088.png,coffee,val,4,d92f312fc91e17cfeca13c95048bd53058abfd928405fb1ec339c5c8bea88c07
COFFEE0075.png,coffee,val,4,46e4fd4c3f53f5b81d4518d0a75142a3b651605bf1c3ef97e3b68bee755e41d8
COFFEE0207.png,coffee,val,2,4c116274c16c8abdc9f0500d791c57b537866aef4c0f7f4c39c529346ef628f5
COFFEE0136.png,coffee,val,2,40dde2580357df3e52159fcf5c57633ae053af0097b62c45cbc5584b3eb9133d
COFFEE0055.png,coffee,val,3,794d2964aac63a942d07275d05ad3ca710bb854fdc31f07e813727936a435c10
COFFEE0278.png,coffee,val,3,959f5954848be5dec3b5000b979c9bc9a7603799fb563d6044f28c0640369521
COFFEE0293.png,coffee,val,1,e8365c1d8888d6dc9656cd51c606e348555ca2104bee1e3f8dd5733e455ef396
COFFEE0081.png,coffee,val,1,9c77987b3b9042b74a26fd34d1fb829a8dc6a557461c5828ef8274eb992c14b0
COFFEE0074.png,coffee,val,2,cbe5a5f5ad4154f35a9e0be5268c5db000dc4f4f1e468d8e95d561a45f853a18
COFFEE0022.png,coffee,val,2,699fb2ac6054546870b1aa51bd4dad09de2fb0a21e6a5e934466235a7ee252a3
COFFEE0244.png,coffee,val,2,15370b020c032ff4ab7cfc678bc1f363bbf8eb8a2100e5cb072992f6338a3a39
COFFEE0014.png,coffee,val,2,757270aa725771edd6e3cc3b50b552cd86b8731703b9e26b123486de82f9f4bd
COFFEE0098.png,coffee,val,3,43b6b44ca6c9d053e890c5a587387d3595a7519c96be4abe1f50ec0e998e29a0
COFFEE0120.png,coffee,val,3,98fca96a6376bd2db982a65cff628e7459f44eb1184cc5164daf06ca35f5e919
COFFEE0068.png,coffee,test,2,1289f4e8314f9fe3bb3a248f53f394ce9def7829175fd636a5d820ea2ad726a1
COFFEE0086.png,coffee,test,8,cb02fc17147136d776373716c431cee497026c5ef775898f0f05337c574892a3
COFFEE0266.png,coffee,test,2,42e7850172d1220d6a7bf293008e7c00dfb48faaf60a5824ff14e86e853d8590
COFFEE0065.png,coffee,test,1,e0df54de46b6c4776c10876c227eb7503864c78041145e29138a3de9923476a1
COFFEE0082.png,coffee,test,1,301aa65f5eb28366b67eebea4ecd41af7395e6e73ab848043fcdbc725ad8b41e
COFFEE0259.png,coffee,test,2,cddae59539ed7fc3384ef1785616465dc50f5814c3555d68dd2691fe1e6dbdc4
COFFEE0142.png,coffee,test,3,70719f1097fa74d89643289f95ef488cbf6754f75a8f9f89b3b41cfe9bacc05f
COFFEE0008.png,coffee,test,2,ed1aa77b5d4cc1053a833550d563c56e251b1363b8226ec25b94da0e382e012b
COFFEE0261.png,coffee,test,2,28d01647b3644622db74c2b03eb41544dfae3cae7878dc2bfc99dc14351d8455
COFFEE0042.png,coffee,test,2,b3370d1497359efa9b9f8f031fc38fc911ad16922d61fba88274273c90e8a8b8
COFFEE0051.png,coffee,test,2,b2abec2fed2780f5325a1e903be09179b6f2ef54b7da48f38b0b0cc544d108c0
COFFEE0024.png,coffee,test,1,52f672b59aee1334b0bb0eeedcc60b8c97d1edd787231e74e7db012def53287a
COFFEE0285.png,coffee,test,2,48ea23836e4fbd7c206240512ccf9a49c1b200f67bafbaee61d21eb7e2019f69
COFFEE0003.png,coffee,test,1,40d4cefb221e8779d7a53797f5c3f18b4ecb1819a9f1b361e18daca83c01759d
COFFEE0245.png,coffee,test,2,63e9e8fab7a4571f25c41dd6a410ce3d815b3fc9d7a6642f7608c6a53537255f
JUICE0167.png,juice,train,3,f96b926f04686e1a4f8353d12b6f8d6f526d7ac6913907a6a7ee2f7543e98065
JUICE0282.png,juice,train,2,3df8f1f6feac6f6b5e1ce00cc36920b36f13ddfc91d6e91912d3ed29bbd544a1
JUICE0110.png,juice,train,1,917897b0292ff97f1561f73f35f6bdc54dd9b3b3d1f89b2820fe87c7223f9b8d
JUICE0156.png,juice,train,2,9929476625c9148d4e0d50e09f1b5c0bd2ea6c6d2bf7fa724e6397b09557fb5f
JUICE0215.png,juice,train,2,87098a108779458b9dee73de3e5966fb4524ea0470211b929fce6ed5737f97f6
JUICE0181.png,juice,train,3,5b1e2a02b89768c44905632f2a9bfbf027115272411e1fedb89eee48030ceb45
JUICE0128.png,juice,train,3,05cbfcb0a22a01e8ad4498f983f17d73a95f1451293c5e5b6c95c00c9387ba2c
JUICE0000.png,juice,train,4,7a8b70976a811c04efd54a61e6a0f4199117f405fd62d74facd3963f05ccebd8
JUICE0179.png,juice,train,3,353512272091edf939816e3f5bc60f1f14c44a604ebf64bbece0889337246c18
JUICE0290.png,juice,train,1,b1f40dc712d8095e6f0efe2227aba8c4fab174d5bb76053ddd6dfaa24e6f343e
JUICE0268.png,juice,train,3,b929820208bea917820f23fdd801a827ac588e152366cfa070d3897fd6f35155
JUICE0152.png,juice,train,3,ef4b147b19d9d1c0cd0d19ece005100c9d979ef3e9a8e6168274ba0adcf37646
JUICE0165.png,juice,train,3,01af84a30786ebf9fe1a271985b7637be868f030335659d8e54159064354a28a
JUICE0095.png,juice,train,3,aeb88c712e4469658f4d8e7ecd2a72b91adfdbdb9920640e123617b6b2c9d286
JUICE0115.png,juice,train,3,28ef53c39d716bb6d37125b993c5d2c927325ed98f3a09d0ef639901429b81fe
JUICE0040.png,juice,train,3,bedc340cd2fdd94a44a98096b0edab5b73106995f5a915eebe27a51e5a895f8c
JUICE0009.png,juice,train,4,cefe469bb13a77216252724dc58d755fcdfc33ddc7605ae00fdc3229d31f1ecf
JUICE0125.png,juice,train,4,678fd2e3de3a14ea416343ef3b1445ac4eb51edef746987f7738c31a7096dda9
JUICE0211.png,juice,train,2,d9a2cbfcd03e7c6b621cc91e75583828849e6337e09edc1d5cf25a087cd2fe30
JUICE0049.png,juice,train,2,3cd4762747639c3b869eb5aa72bde11c1ba35493f62e597f546d93b6d87f7039
JUICE0297.png,juice,train,2,7ace66777841ca6887db7a4992361ec19fb77d6a7f3917ca422f74e138937d83
JUICE0036.png,juice,train,1,e92622fce20bc4bf9b6dd4108cb9000942ee4edf1b64140be22aacb35ec91dc2
JUICE0175.png,juice,train,3,11042ffb2082386fdf6bd75531748bc6109b137d3f5d43eb8282c4c35088915e
JUICE0113.png,juice,train,3,222014144335db0b5e4263eda50deb1cb6d9649c76f0c80360646fd01cd06d43
JUICE0190.png,juice,train,4,e6ea290faa1777d4a7d627f772ed6a7dcd5a42af897f577d1ef39848419b769f
JUICE0210.png,juice,train,3,5c6010b4935672945d4fcdbac0ed8fb20e981222e87cfb72b3b4f5d3a13d47e1
JUICE0207.png,juice,train,2,5b4e7a43c994120744bf5d36d2a1f653bd16f4a8518a4d96c5f55a9192bd2b4e
JUICE0287.png,juice,train,2,0ffbfc46b05b4224b925b691a28051a9095dcd28fabb2a38b2ff39edbcccaeda
JUICE0067.png,juice,train,1,5246ff4d854dea64b8e513977dd183a4a20c95028700ff873c6ef1eefd38400a
JUICE0298.png,juice,train,2,06517d440ad9a5ec93f3c0fa3f4792d77c6108a3478cdbcf726d373209603980
JUICE0172.png,juice,train,3,384bfbb17736479b974ad15b07eb3697236ec4b55f15cb8d6c0208401a360396
JUICE0158.png,juice,train,2,88192e280a5960dcc9c966f1b7e8ad3fde0b6af0a43770f8e806d744f3d8eff8
JUICE0260.png,juice,train,4,428ad63dde00c87e777a4bb97542b2802bd2a3e4f93012fed8c17d3d6d202660
JUICE0246.png,juice,train,4,ad90bb286d6252ac34573aa795f6073c951afe3962ec3bdd938d61488b0ed717
JUICE0198.png,juice,train,3,8ef323e9cd062acca49c79a72ab76322f1120beb1bf1fd814f1f528bd52f45d8
JUICE0160.png,juice,train,5,7aab355eeb21f2306226de3420195071dc4162ac77a9639cd60986fc64191cc4
JUICE0143.png,juice,train,3,65c4bb5e277064deb5fb1624b2066d8b3aabf942e5e803ca914d65bd5b1e2cd6
JUICE0060.png,juice,train,4,2a23947c86808c6eb3406b6d97da0240aa4cae0d26c1e6194b8a5924a3b9b04d
JUICE0280.png,juice,train,3,279102f2ea02491da0eb3a58000fd615ae59efb3dde9aef6382532b391e199eb
JUICE0073.png,juice,train,2,82dcdd611986a5039bb0452898240b060724b4d4a2e2d86f11c617e8684bb9b2
JUICE0221.png,juice,train,3,36db9d4530046ba9161843cdd5ff9ee8a805f4c81452a74cfae621d793fc915e
JUICE0205.png,juice,train,2,92e8677bf0d9947a0c63364c0358c4b4963dc39b7b8ae4d6b8de313c65db2d7d
JUICE0074.png,juice,train,2,371ae86586fd1a90e674226cdb49b8f229344dba05240428a0c770126ab76dce
JUICE0170.png,juice,train,3,6dc8693826ce1d1b380f028d6c37dab10655eb9ca0254428f3ed8450108ef410
JUICE0251.png,juice,train,2,a7984f698a26c4c495847cd94143e7a728a0fdee8be5ea89ca6dc10c8712584a
JUICE0267.png,juice,train,1,305910e9bc754ece32e50c1da069fb2fa1b9a229ffae06992c89b7fe0a46ee64
JUICE0300.png,juice,train,2,dfaa49daa58b7c3795ccdc8eb67661d13d688207cc70ac36fac10aa7a3ed6de7
JUICE0232.png,juice,train,4,e11430935452a309e523be0e3c76e3ceccae2f59a8ea32fa668350257cb0cf7c
JUICE0275.png,juice,train,1,0a3f6556df1e9562dca2c572b643092dfb05d9b047436306a47de47d07a206af
JUICE0239.png,juice,train,2,a00b3f4d751310cc905486b2f6e3786fa012e9c7be2d57f8628e7b9b4c0185ec
JUICE0123.png,juice,train,2,d6034536a09075e2f8ccdf6678628527e9d2bdd11dad0d54ff9ac6476d338a5c
JUICE0283.png,juice,train,3,970a0ab7b1aaf43058909e0ff8fd12a9a7e19d21e65e659db697b64d084114ea
JUICE0014.png,juice,train,1,bfffbca03cc838083e863e1ff4200d898450920c49f3095b95cd29052233d76e
JUICE0018.png,juice,train,4,70243c254f001bf7c236ce10af465e08cd7d3246269d501b6cd409398f6b622c
JUICE0155.png,juice,train,3,5bfa80523236cba26f120dd2e03911aeb2d16054a96c241215f0d15fb971b8b8
JUICE0070.png,juice,train,4,aec9d219cd04bc8acf459a476034f55a95dbca9172591dda4b1fc727195e3158
JUICE0135.png,juice,train,4,61bf4ffa33d073ba4dbe43928094e536c5b4d1529524b7ca56ecf6a13ad69605
JUICE0028.png,juice,train,3,dabb0dfbd6e4a2648e0b5821231b09c6090b9378192b6ebba8523c28b6030b1e
JUICE0087.png,juice,train,2,b5a5e49a3ef79a2d2a144b7e04aca275dd02afc11b34d312716fc3ced30d447a
JUICE0145.png,juice,train,4,3ddf04f19bc0d74b859dc99668f94d8967454abcf4e67e8bd4a45525ea6102de
JUICE0184.png,juice,train,3,dff0204133b5aa50f8630ee31a05d4e9f89068b40fee05503487b17ed92adc23
JUICE0080.png,juice,train,2,a7391fb56062070a80c796ba31925dc14bf819b4178ae695c2299f7caf22cb57
JUICE0044.png,juice,train,6,abf82a1c56b0eef35b990cee8442799a1b44b782992b9808f809f5234dfaaae9
JUICE0206.png,juice,train,2,efb3ab00fcfbb310964b3c1c79fe00c3bb10068630583564f0fae6a641460240
JUICE0131.png,juice,train,3,155d17ba183a1678bb3b57b1b6d835cf3fb0726547268b08310c431c20fc3eaa
JUICE0238.png,juice,train,2,b3e328618a2508d7390c35b55c44cc472346d5e8e95071d955991b3de8999cf3
JUICE0130.png,juice,train,2,fc4bea0a0c84cde098cd39eef04cab8ca4163a01f8ec2ba4a6044303051d47a0
JUICE0129.png,juice,train,4,98b6e7dee4110ac1e72c25193cf22d875c3f92fdae7797e5aca2980e7de02f33
JUICE0024.png,juice,train,4,cdd59c9aee64eda9a06db78d9ae74e9c998a471e512b288bec1e715955413e8a
JUICE0244.png,juice,train,2,e40512e56e970cbd9a3591fbb7e50c9261609132cd5094b3dcd38492576d80db
JUICE0166.png,juice,val,2,59a517b714bfce67d7b76250205a91ab46c216b40c0343639acb3cc74f2e532a
JUICE0085.png,juice,val,5,1a5d5e8ec0616cb33c19b38f77006e848387914f0c61a5a58e2336de8666d6d1
JUICE0276.png,juice,val,1,311d7edbc029219e8662ff81e81e623a824b3d005fbec2f79300472c3b7ea022
JUICE0224.png,juice,val,4,0e7cd4e2ef67cc6706c6beb042ce360bfb449d689df22f017c4aa3a2df092290
JUICE0033.png,juice,val,4,adf8a8ed386f902ed6cbfc572b7458fa7b485f58f4a1ff6e0aa428d2616163a2
JUICE0045.png,juice,val,4,49e5ae3dfb616889d53ec0b411839464cd9f3861321c128cfbd0236e37d9c6de
JUICE0263.png,juice,val,2,60abb01a23bdf648738c03ff42a51171bd6881be6c2db5bfb68608fb38211404
JUICE0174.png,juice,val,3,e231cf48b0e16c9b71d6a1b76c38ff69304ff38a639b2c252bc859a668238047
JUICE0023.png,juice,val,3,948d42482115825dc952f0f150cb695124482ef9b8c20da17108c0697634f89e
JUICE0092.png,juice,val,2,fd8f9cdf9583c2a4c4499cb5221473729ab84fcdb2f000691ac7a049a32393e0
JUICE0157.png,juice,val,3,045f2ae7d2dbfe8f1f10ab713b8d1cb8b475c7f90fda4a292fcac66a747e5031
JUICE0003.png,juice,val,3,830cdaf4e1aa88b6136e17be8dc8d6b1e2295c20099bfc52a44c72a28306b064
JUICE0189.png,juice,val,4,4fde843cf90dc05858e94fd7b7c1e352ba797112a74272e1583e497b3b40d5b9
JUICE0048.png,juice,val,1,66a67a4edd00811074ffacddc613952450037e0e33447d8cd767da5dba1120d4
JUICE0220.png,juice,val,4,735d999be366bf00648ed2f5eb078841d0ef962e0ab7acd7a0dcf3418232291f
JUICE0072.png,juice,test,2,2973f735fd5b84359885c9cb4c42d476139fb6c7bb91793c6a8c6a856c102368
JUICE0200.png,juice,test,3,3ee775087deb85fd688050e7a4e17f577d5a94c514338a7a2bcae89ad904f272
JUICE0091.png,juice,test,2,e4535fc88f33a809e00734d7f0653f8330387d608b223413372cd0532aeb589f
JUICE0161.png,juice,test,3,ca6dbe5168ec57d0dd62c32517721ff60a1231d05b4e4326680e06003106397a
JUICE0254.png,juice,test,4,29181201ee2c5dfee081cbdf0d349b98b6dec04814d526291f22478121473771
JUICE0011.png,juice,test,1,b7b7f5ac35bd854f963fb9570295054e4ba547420950816b02cf1b0fe9116a1d
JUICE0031.png,juice,test,5,ac2a15b3ec400cfb487e4a01bdcb91f418195056ea250874a62879656a434c30
JUICE0142.png,juice,test,4,19dfbfe52bda806317d5fb49bae1fe7145c1f91e1fb4eb9c1091c9d0797f83f5
JUICE0102.png,juice,test,3,83193066319396f2cafb752cf69f45d9f71f22505152dd0e0289ddaabd1761e4
JUICE0291.png,juice,test,2,55d21cb321a6b5d0784a2d497082cdbf589b1d55110adb9f714d779bec92f4f6
JUICE0117.png,juice,test,3,c17f651ea08bc6525c3f1ada07233ad5df1fdb2f3003177fb03202775ddce85c
JUICE0187.png,juice,test,4,17ea6a3a4a412333dd00abce0acafdc85596de9b98c9558018930c5ae59d1600
JUICE0252.png,juice,test,2,2dce64b555f61a8ae387f1f8a415c629c02a2e495c7ef2a93ce87bb05ea00059
JUICE0153.png,juice,test,4,e211a741b67ce49e629f5fe076c38af2bac950e9a8a72e6f33e2ddc4d7df5d7e
JUICE0202.png,juice,test,3,7f0e4892e90c2212e8f1a5bdff4f560e1de5bbd5a9a856e9a7ba213cc26857fc
MILK0024.png,milk,train,1,59b476124e0c9bf77e6e435569ea82b21b79617f9d5830dfaff9c3aff0d7cabc
MILK0103.png,milk,train,2,69483f0152e7624fc7ce45d1a30f8e2361c24209f662442260008dc6412bb789
MILK0048.png,milk,train,2,e6e656cf56d559911ee472fcc03cee8ba1d9492cb54e8314113def1fae3528c5
MILK0086.png,milk,train,1,607a66c174c5961f1b2c6f35d49a33e7b73b0715d2f35d973a2ab417996c7d8f
MILK0082.png,milk,train,1,e7b6831a4342e4312cb6284fc6690fead3a3d07130cf62562bba3c1cbe433132
MILK0160.png,milk,train,1,405645ae9074b23e696564a447ce8fb1398357f01bd99e165119b9293dc8b128
MILK0044.png,milk,train,2,77ba164da5a80bbeaaee0264af9179d5dbff687fc2cf0c496b6152013ad92e7d
MILK0143.png,milk,train,3,018d8683f62ab64ecf9ab8cbba0893eb27ff27aebf37b7b54f2270f0719c16f1
MILK0023.png,milk,train,1,2f116422386fed9332e98f7062e298c0362f4752f36716be5ef26946f1c358e7
MILK0133.png,milk,train,2,f0dec704d72eaa028f9a9f3e4d21e8fc786720f4370d70a7a45e7fd6ff318135
MILK0008.png,milk,train,2,af3af02ab2dc72dac20bf67ee71bbfb67a7848b8215f6787257621de062d0e2c
MILK0006.png,milk,train,2,b226b8f82afdba86c0c7d576fb644a7a86720617a888c0d2274dd1f4cd3757db
MILK0155.png,milk,train,1,3c2e7139402d8774aed3f7c0159395e3c8297a80217afd4c1a15a0164e0c77f0
MILK0035.png,milk,train,2,5da46b42becf1d4b1c6ce8a8866759aa1e5ff9f972a03a183e1675ac3d10c9e0
MILK0099.png,milk,train,1,fd6eef27175214c2630df5ce1f0406f655280acd7c9a55919a8b2a0d5160e731
MILK0085.png,milk,train,1,9abea2a4da57f49913c43be7579d5a72e502080aedf752619b2da33484dcd57a
MILK0046.png,milk,train,1,835aa5928f341b61c707b9dc473e13af787588df2ea5a0f6ceac4cb463046a56
MILK0067.png,milk,train,3,1594a666f013d767fb2d5cc493984eb60b538c2387614cb9df8d320318d3fff4
MILK0104.png,milk,train,1,e650c5c7864757e49b0fb31a01f20e9809429e22ccda86da7b37d520e0a0404a
MILK0055.png,milk,train,2,3e47ef60c8ea8ddfd5625cc135022e5162ffb9eef324a4e7042a5909bb0c67cd
MILK0153.png,milk,train,2,94c3f577df86ed53c51162d248b049190ee49886dc903ab77c30b5145874356e
MILK0137.png,milk,train,3,81216ddf971db2e2d2dca9b9fcd4b77b72bd7fb1818a48f55b64c36a0877832e
MILK0127.png,milk,train,3,3ea8173a8b116c6b716310fcd108e478561f954316e5879dd2a9130727fb826f
MILK0159.png,milk,train,1,be79fd8e568a8a6508744af9881c7674ca0863949e91224125469d5edd6712d4
MILK0140.png,milk,train,2,366aa1ef91ab453a6a1c3f225737078cd5bfade7e2d781ff5700ca87a5088606
MILK0096.png,milk,train,2,87632ed72291a5c0f9e1b5e0ffeb085503fb1c4cf32eb486f11afaccbfa0e2b7
MILK0066.png,milk,train,1,b97ecb027ba4441a84c40fc36603c9e8111b9c854d6a85111dcd440de2b5eee8
MILK0156.png,milk,train,1,234622f9d69da2856b1bdf8b3327c96fe65089df5489445161f715b64d82f23e
MILK0091.png,milk,train,1,fea43d3d9fd815a94b13af3e9eac8b632ce9a61eb59c50d73b59440b6af1ec72
MILK0040.png,milk,train,3,6a1e588b6ec5b1fa05e1a614ef89e6bd4ace72075678f378b7079242a37d6d75
MILK0129.png,milk,train,2,bf1cbbd4d1036057140d747e64b121707996447c4330cb19332ea98cdf9a65fd
MILK0118.png,milk,train,2,f4546a316eafc2d85d6cb22810ba21831bb561ce5d6b30c252e196a3543a2861
MILK0110.png,milk,train,2,8c6b07d63b8126a63136ca82d9efb59401edb60f3e9612177e63e0834dbc2afc
MILK0041.png,milk,train,3,a1e3ac8a034c93bf34e971bc35fdc4661094e64b2516446c9d1340979a846a07
MILK0105.png,milk,train,2,756c49755f213950b6163af9f51f8eebe3fc094aad30a6d0d24d21eb7bf1b479
MILK0031.png,milk,train,1,0e7b6afe530f841a9611aa155d47072eeef84e25bff5661c93fba5d0d70ced78
MILK0093.png,milk,train,2,8ccc92cf854c2af714e9f57c19838bef0cb921e43e94e1239f1342b20dbaed78
MILK0042.png,milk,train,2,b9bcaa1ff562709c3db38d82cc04bdac11751dbc3cfe604282fcaa1021e6faef
MILK0045.png,milk,train,2,74306bf1403f0f734010f1d1de77bd5bc11225acb5932d393cec13f6b8f035b0
MILK0081.png,milk,train,2,4a6c106abea60f8c149f4cc34831e28c5f9090ffa64b913843f5df59decf2ddc
MILK0121.png,milk,train,3,595c11be97a4051c1eb025da751f4d75853fe05d2b985ad05294e21349408482
MILK0111.png,milk,train,3,ca22d519bcef19adf17793c588e9364d10dd43e0a421ec8dc7b804e715013673
MILK0011.png,milk,train,3,6b27746abbc547474b7d6ebd26831c59928cdba07c35d392215170fd66d4043e
MILK0101.png,milk,train,1,b20ab33863024850219108ce712daa7b45c75124f6a55d80676ef4cb1f3ca874
MILK0049.png,milk,train,2,636ba9cd62e1533e124615ad3e773caf7ef8d83dd669d58f98e2412c09e47abd
MILK0017.png,milk,train,6,c8a497d637aa805d2a304aa33c53dd5ec49322c0530cffd0c6a8d1699e645246
MILK0050.png,milk,train,2,6ea3e0fdaaa1960b45198df7b25716ed268eb29099167e0f72ce52411d85a5b8
MILK0053.png,milk,train,5,351fa730402d1db929e253caed1a10fd926b4663be269b9beb0aae63c62e0b9c
MILK0100.png,milk,train,1,c8c60e1688f5be8a7f1152ad792504a1895cce05aaa089944f25bb522656a944
MILK0073.png,milk,train,2,ff21f46521205daaf062a26effafc2ecfbf00373b427c84ed971d938f5f54679
MILK0043.png,milk,train,2,1a9df337b6f65e1b074bd9fa6f8555a9fd994f4a7c7f5949724e874ac2538ee1
MILK0083.png,milk,train,2,1185f340001f4e63914d67004b4acc496d8317d98459f2a37a146b31956ad275
MILK0062.png,milk,train,5,1f38169168f412fe3cc39bc58a2ec260ef00dc86a681719bd18a26cd1d0a271e
MILK0001.png,milk,train,1,923fe5b301f4fb25e03505667be987def8c5753ff1500122b3f2905794f37186
MILK0144.png,milk,train,4,1f2e3cbaaf05ab050af7c43480bb3d2fbe288c1051e62aebc452a3b2c6e5d648
MILK0061.png,milk,train,1,170f1beff2c8bfeeec1bec3cbd4f8dfa6bfd3ab50f1e1f2ac6d0708b2b992881
MILK0107.png,milk,train,9,e684aef4aa014d7a2f2c2c595925a9fc3eb9e8adc4aad2622750a93b6b225aa8
MILK0149.png,milk,train,11,4bac3579e3b8471e03bac593e90e5d0c7f4087c5ef8f7ccfa128e436a7784398
MILK0116.png,milk,train,3,c4fa45b3a38d4f2357f5a7e43286b4099f1fe802ab4958d70214d6e6ddb222a7
MILK0065.png,milk,train,2,292227076adc541badf476d8c0791d19e8a4e17d39b2254d01ee47c4008a1940
MILK0002.png,milk,train,5,dff33a98f3770d3f4be4ca11fe452881d8434985b04fc8d5c7f28a725f1f80ad
MILK0068.png,milk,train,3,d8929c1d3ba324e5c608d9d48d510c8251887ebde85d83ed2343ffcae8eb005a
MILK0005.png,milk,train,3,968a8749098fdcb8f5821988df8233016b2806526ff7483ffda7859a574a130a
MILK0071.png,milk,train,1,3a1a3792cab0a0d1e8aae377a2379bd629f36f5a4a00fc6c71f45fd20c9c3b38
MILK0135.png,milk,train,2,1cbb4d2f2ac9b75b09b75b43e7c7abea7e38c410d9620de60868d1dc50349379
MILK0147.png,milk,train,2,5849729703ea6ed3b697bfde02066a0e1f6b42e0571a616720702ea03ebb2b76
MILK0124.png,milk,train,4,b22df9b93d0cf203628037f4281f6a2e6b5d1be9ce8d22774c61fffee91bedbd
MILK0051.png,milk,train,3,8cf679b611bd2a58be0c79957467fed80f9c8cc60d45b29845f6beb52a21ec74
MILK0138.png,milk,train,4,ec03912fe69abe58dfb7d7d6dc8f1c88930e2f3d027375348f72d338c60388bd
MILK0059.png,milk,train,2,5134924b93d4f4a3d684e8f42a5a33ae9ccc85e5d020620f4d64b4ec00b6220a
MILK0015.png,milk,val,3,4b5c9b342fd8f0684943340bb18dc15d3a2283ab06f5958f77aeac25515b42e0
MILK0056.png,milk,val,2,10ea4d73d696873d850c56351981776abce2541d4657ba050c467b56feb27877
MILK0095.png,milk,val,2,c723e52e26f13ec608144bc25bd99cb103dc096c0226f0ea86930217af26d17e
MILK0142.png,milk,val,3,edeb778c76eae252cf61b0263694260e301a7589847e8e136846f7ac66e9e3ee
MILK0126.png,milk,val,2,2a6b19e50424d5963238d952ef9d96f2796e65369146acc1144745cb6c556669
MILK0136.png,milk,val,4,cb36e9787996f663c791d45712510b0806a1f3a81162e64e2763d4075b6bde1f
MILK0123.png,milk,val,3,3e98dde588249a3549806ae924ab65bac5139586141b47aaeb6f2591a7c77a71
MILK0092.png,milk,val,1,09c7c8e5e812f803bc40f22977946328675bd673a7a048c728178be6c84839db
MILK0161.png,milk,val,1,10bf89639ab8060a0d63fad5b9854d076e61075c34483cd2666a707eeb3b20be
MILK0034.png,milk,val,2,110471ed99304f59fcaccda138b78a5631a73532d3ca0fa696ab8fa0a16fc46c
MILK0019.png,milk,val,2,aeed3e0980fd1a244cbf6018ed18c43c0f2b0b89e8b046f02e80160e70c428c6
MILK0028.png,milk,val,1,7694aae9ab1ad70a689d18fa2af9e226edadf74fb012b7ba79cf8a293b49c9e2
MILK0069.png,milk,val,3,1647a44cdbb28ebfcc1ae90fe2a225080b0a0575517aa63ec75a9867e0f11d59
MILK0014.png,milk,val,3,29945230ca0ef91190019c8e8ebf3330841c732094deaae0d8aef1e8b02eef71
MILK0054.png,milk,val,2,097c2a37efc65d7ed5b6e638df0ed104db27fc6c8f9b9b5a4dabe5c2a8f43100
MILK0025.png,milk,test,3,fb7985e49a410ad00c6a6b16c63c017f529ab494c746af7c3803b15f1ed275c0
MILK0114.png,milk,test,2,f9b0a93a42b86aae484638d630d46cffa5f28f918830c8bc9a5b4668601fd7e5
MILK0075.png,milk,test,2,3c709c86a6a271b53b1f5a312c4550e6c4d505bbbd9ee46b2fb75032252bf624
MILK0117.png,milk,test,1,1d91502c41abd849c3a849c245d4887b7b173dedd028aca4513c2ca2ab56e2d7
MILK0130.png,milk,test,3,4367759e31ee7f7532eb6ad1a976102a6e69988b496cd2637076769100159316
MILK0098.png,milk,test,1,12104b7dbfee270981d37dd02e80ae96ef9b8f04aa1fb799d7dac5946bf0654c
MILK0150.png,milk,test,2,863a0d403370451a4a96d7852993c75fb6780580fb415530667dcf0d49c2dd1f
MILK0108.png,milk,test,10,41c09b97711f9a6e25dacacb3a4a58bc79e70505717e040ca7ec08420290934e
MILK0058.png,milk,test,2,31e4a62c8aaccd3bd8efd5a556ca69677fbe96e0f5f4fa4406d49a7b197f7d64
MILK0089.png,milk,test,1,907976faf7ba5e923d28bc9c7f0b36a1700c2f608238b86947bfc9ff33827c3c
MILK0119.png,milk,test,1,d1da4bec5f59bf013ddb40af0d4e733ce483ae55ada851f484a22b7913d41b96
MILK0090.png,milk,test,1,3fa827f9db36c2d654e28d0fbeec4b10b3242a56a431e49b7db554695f6901a9
MILK0036.png,milk,test,2,1b20aa178a19074b1f4b73bf5dea0fd30c3d22bcbf60def1923a4d22095c4da6
MILK0145.png,milk,test,5,218a42036a39e05c10c9f12a80de7c7b9d3fe1ce6d695e12bac62a81eb02f21d
MILK0004.png,milk,test,1,9f078b844205edef47b79de5a92e130da8853a1e5b28024351c204a8063f0fe6
WATER0142.png,water,train,2,4faf58d0d14369a93766d5815e21097de5fb5b3d82dffe5a1487719b59998fa8
WATER0095.png,water,train,3,2b1108c10d377903c1a9ac88a284ab4e7e7a2049f59cd873729a751228348a40
WATER0135.png,water,train,3,0da7d37133f3bfa7dde53617fb9b7c82dd4d1f363a6ab60a69c1abfa7988b89a
WATER0024.png,water,train,3,76f25f3115696fb0de621d0143b5f90704ef11bd2d2e94b8376eb41ec90ad894
WATER0103.png,water,train,2,3f1fec4f108fe71570cb22071de06aa58fce09e6b62b5dd4c4abcf2c466fcc4e
WATER0108.png,water,train,1,509df461fc44520fec5dd37d05f9baf0fb7da57bd0a99f968f3118e64285e342
WATER0198.png,water,train,2,b4b0470d61843fe95a1f13144362431e56e12975e302c49fae1ecba9d6295775
WATER0189.png,water,train,2,fc8964452e0cad7dd9365387ffa421fa586be35028ae9935a5baeaaf908823ed
WATER0260.png,water,train,3,b188e2d7dc0e1a2a6bf3d1dccf284bd34635280728440740f00c6967370d713a
WATER0236.png,water,train,4,7b9819178bf32901d95f3573a696e2782432171e98f31373e896c25801cab2bf
WATER0064.png,water,train,8,21839bcd0906b0a5b24ed2516356099e871a546fcf2269af3060e98b2501513b
WATER0217.png,water,train,2,06da0f3d01fb695d2cfb9fdfbc0d739844d04917d06161abcd4ce2871895392c
WATER0170.png,water,train,2,4d31535ca3ae0c8c922f75c65820237b97e345fa7b284b0a091f3e5fc4094c43
WATER0100.png,water,train,2,cc27552bb3ea00952428fd6fd32561f3f3825fce6da9485ddc4e9080501bcc8c
WATER0102.png,water,train,1,9f628fa0fc299ae1fa24fcdfd0a6f138e568b7f3cd9f9cf93b91b953ed4497bf
WATER0071.png,water,train,2,ca94918f62bdb340238a88bfbd95e2532915836713d97e2fb0ef4e83a4510118
WATER0144.png,water,train,2,735030ffd9ba41aa334c760275adb6732a7fa8ceffc689664b63d61e85128f76
WATER0015.png,water,train,1,2c3f90b5651f741a63fdf8c4d0abe944d8b52c18edac12e5f41cf5b7f130c630
WATER0091.png,water,train,3,4190099200901f602120cca9ca848e33ea802cc78c60e07a18a26eb5a46509c9
WATER0027.png,water,train,12,15a47fb6f9a88631dc258ae1de4533a31199a8b6d98ec0a6ed102f07f1414364
WATER0033.png,water,train,2,54a9b8cf1b4a8b648c86179ad356b69709d6f76a5ba33659563e4278a4585d9b
WATER0206.png,water,train,3,5f1c9333cc625b1cc86b90b610ae8bdc4c3ecd11862b5d55bc3c8560ea69ec77
WATER0143.png,water,train,2,3c725b96a40b3a3f946791e62fff00473c8e5f6eef9b218d8a08e6425905f43c
WATER0172.png,water,train,3,b4dc9fc93a38e59d73c095cb6962c9479a974a55a2045d39ac19883f501bdaf1
WATER0188.png,water,train,3,1c0be4c94bf83f58bc380028aab88ecc8fb3e1941df7d938ea68298aa302275c
WATER0004.png,water,train,2,c53dce55d9a9804cb497b45a828844f514e3e08b14790d6920ad33b77a3824c7
WATER0223.png,water,train,3,dcf144a837591f8553500ba9dbba5bb01caad9436bdec1b6904c711e8a876617
WATER0173.png,water,train,2,74811a41a045ff499388a6ce9683561a5f37fdbf082b6d87a0313a39a63baac1
WATER0158.png,water,train,3,01def809d09de9f625c3cb8c86296476306b4d8554d66200e881971c22106ca9
WATER0208.png,water,train,9,401fb155f3aa64fa2501232b8b5351422c5eb51cb9672155ee31a049fbdd8f8b
WATER0203.png,water,train,5,dbd90805ab370691937ce28719723a7fac7f066c4c2218d60fac0244877b43ea
WATER0200.png,water,train,4,51f2ec56fec0a0825fabf56bfcd1787657f30f7d6120523c8ae294706f20a9c5
WATER0140.png,water,train,4,a47fb3fbc50316705e296a10ed1ca340bbb239326bb40f4e33af4c690e951ee5
WATER0187.png,water,train,3,e6960bd838701649248548cf26f3892af4ad140dc81affff337a9239ef517465
WATER0109.png,water,train,3,1478fbf1e266a5329df92e5896ff0156a5169575c6bb5810b86ed08e24397efc
WATER0051.png,water,train,3,d42165396e998f2102822b1f7eec81ad4b7e5f0d8fc10986a8d0ea5946db6b3a
WATER0028.png,water,train,2,5129fdd9debc0b4700274cb93b45fd7cf0e828c761772ad60881f8722568ed7b
WATER0194.png,water,train,2,f965223cea4e930ad80537c8fa8920d487b4a38ec5c88c9f82dc914bce8c34b0
WATER0066.png,water,train,3,7354857f1267b70c99b1529f0ee675120f52b95094b0abaaf9b59296a22f1b33
WATER0006.png,water,train,3,d53b6a5fd331dde7b171c60dc8b8abd456b7d30fcfcdcded1d2e0eba3a5de596
WATER0046.png,water,train,1,2317182d229b1d40b7ca61b2fb69cf9b98f754c0bc153f00c8c1aa7b10ff620a
WATER0008.png,water,train,2,01c015e6cdc4255294894e9599f614197e3aef3196c44648b9106ea47113ed7a
WATER0162.png,water,train,5,38ec51d3e7a4e58150128d73e409cd2fc7d723aa42fb4f162b002af63a0b9b6c
WATER0016.png,water,train,1,c698d1a07c45e760bae353ef3cd0d2f99381e425d02c2b333632fa280d0babef
WATER0248.png,water,train,2,deb71d1b2a3f87bff5583d4f2b1ca7a0085379cc37271c42c0136fd7f3dcb0ee
WATER0012.png,water,train,2,408762a5a6a883bf3451c33039c09edaccec30cfb370b868d32201072fda4f31
WATER0243.png,water,train,3,1f19471da5fe15f02702074811ba936913c1d3f25d974af54f690b69b709a6bf
WATER0065.png,water,train,6,06e1880ad476d517b8e8525dd7f20149f81a3226c673c084b947c8197c13b991
WATER0107.png,water,train,2,287d52137a9ee6db743a7878655dfb14fb9e06051cfb591e150f7411f3fd1841
WATER0083.png,water,train,4,a347acfc9841e238679eb03e0159f496cd78f1c6deb8e8b0e84516419a945fcf
WATER0014.png,water,train,3,69f51445352348f1894f9e0df6b30d1712ce754bbdfa4c842b70f068b504ab45
WATER0089.png,water,train,3,8e0122e6017f4c35e78aee4451d323a9d6cde2e1cdbbde52bc1da3167f54a348
WATER0192.png,water,train,2,b8d6211978513f7208401f22ee3590f3cdf4f67eea961472e68626ee2c468610
WATER0053.png,water,train,4,cb3d1c9b9fb7fac942f6dc7c65d07747a0edeb832f7b4d33430573b5fcca93b7
WATER0230.png,water,train,5,25741be748ec45831f104ca62a64a7f168ec871a2271ee46a0c79d0a48d61b91
WATER0077.png,water,train,2,0112c5249f45ea70b66e9537a61ef3c0cb58857fe0e351950ccaf8995c57210d
WATER0227.png,water,train,2,996ddd50b7754506842682c81cf36dd58dc73d142fff338123e215db42241344
WATER0209.png,water,train,2,654d4da988142a41bf7cb9db19cae8e2f174201fcc3eba26ecf814cbd6eb18fa
WATER0232.png,water,train,6,ac0a092b93d1f796d0270ef79b91805ac41ca484fe2da1bbbcbcb98703f39b6a
WATER0099.png,water,train,3,bd66e1b2e0146f14900d79c41fd8bff4afbc8cc1e75eeae0b9ce964684330311
WATER0043.png,water,train,4,a64438be83a33c6250fbfe420a5e55e23346db623ed1457aeaf62d1383212856
WATER0117.png,water,train,2,fbc0feabf1de8f50be68d36dcaa33f098015813cfebc461ea947ad30a5aff82a
WATER0186.png,water,train,6,6f4366c5e20babf64b4f7a748d5ea13dd37480acab10eb0b334a87dc8694c00d
WATER0090.png,water,train,3,dc54caa0a4e31ca535ebc5372be62a8c24f917b79826db21c7b562483f1700bc
WATER0035.png,water,train,1,1b1ef799f0d1547e3a6e775f3300d81811877714bc1380125ea5c9c594a24cba
WATER0050.png,water,train,6,8dfd24e81a1e16f5dc5b7388cfe6d925bb56197826dd6fae21a54524a48d2072
WATER0002.png,water,train,2,91e6f0c1ba5a8bc81936c61ea090ff86bdef7bfe7d4702985f0bdeaa5502c8e6
WATER0199.png,water,train,2,3a3db035c1e4a92ffd544e48f711d9b24abe687992a9c7e1aa3289efd6a56574
WATER0149.png,water,train,3,8eaa70b52c38c360999a0793c8212223c1d1a4ed381f7540c53d4df00c389c09
WATER0119.png,water,train,3,0485ff017c497e82d99742f1005a6ceadf05816f74abdd4e0b528abcb6b6b4aa
WATER0152.png,water,val,3,d51e1f56f09e8c7eb23d4ae4aa5cd9b2267726e073136d958d0b64f489104340
WATER0110.png,water,val,2,67ce5004f339927be4ae0d9b3f83092f33466d1d3a3efa9efc7c851403c8cb6b
WATER0013.png,water,val,4,bd74332f941c3cbe78e7fb033d1085ed03a3f2360c5e13ed904a9a97c49c5815
WATER0177.png,water,val,2,72a47c135427873011d8790db043400cb44a5841bbb8ede30a1289d2fcc55995
WATER0049.png,water,val,3,c7070906f373ccce8fefac26318b72a255e5543a36cbd9de5541f167830f6062
WATER0210.png,water,val,3,c99b272c38eb070c78631359e6858806946791dbc65f2490f73862a54a36f203
WATER0080.png,water,val,3,2803a5dd889a77b6e2b1aaa84196596e3fed1fa071ee3d32e8b2ef4cf8b347eb
WATER0093.png,water,val,1,b62cf8a37e609bdb0127288481b7f841e12c9caa21541f90dfdc272deee85c0b
WATER0092.png,water,val,3,35f0600c34be9749b8a5c69abc5444ebb84dca4f3ee730cc56d509213e690aea
WATER0054.png,water,val,5,2c51d53a24dec2ba6f216d768666d956772ab1c5897eb11ab71ab09e414b30ce
WATER0167.png,water,val,3,1d90c3f641f3903c8b96ffaf6928893f660d0b440e9d93c3297321114737e53d
WATER0075.png,water,val,2,f754123ab2811352f9025152636d8f0ef5d04da2ab736b0c726aea6c7378a566
WATER0044.png,water,val,2,e9d61670d74138f5e7288777759eb1115e692f03e992a91a2cefcf5832e0ceb0
WATER0056.png,water,val,3,07f77456b2501e69cf7b6504951a4a50aba70551775d33dc40d916317ffb8f86
WATER0261.png,water,val,1,bc508d7ba2b8ade4b1b845c475523f77bdeed07bd8abb0154f68c4451191ea17
WATER0145.png,water,test,2,03cdb291c09c69cf808053ac7cdfa874505087e8129aefc4fd0a8ae662fe9602
WATER0222.png,water,test,3,d73f08a904bb17b20bcff31e14bb6b48dc1d2b4925b72ee9ca0470a897e69f7f
WATER0256.png,water,test,5,dd741d9478a05f7520e0b823cc79a8beda2e78fe5cbad2752dc83bc3d2757b76
WATER0211.png,water,test,1,da70c7200eaa3987625c1034947b949666b95cc77a91c38138085f9f19a4e064
WATER0182.png,water,test,2,d472be823c1874afb6c841c7b6490a465f3d6d00c0855ddf0257dd7a1e40f7ce
WATER0001.png,water,test,2,1c2a7043cea8b3397520f51126e8f6f54dc70356df8688b3314bd0d837f6e698
WATER0196.png,water,test,1,f004f459b0b64d8c43dd12b62853a1424cb307a3b65d0c967ca00c5b28d56ca9
WATER0094.png,water,test,2,97a17741c5f4b4716518a89ccfe230f37c8847467a794c713194e48322f5de25
WATER0156.png,water,test,2,2aa523700f041bbfa4ade67d08514ab0e225675a5ede8dee4bce0d38f7ef2b0b
WATER0163.png,water,test,3,787d7904ede9be156d9608a952580cef32e99e89b999679d6c6b6b179b6fc3f6
WATER0184.png,water,test,1,4149c119b18de47a9078693353c3fa454a4ba83d685d73fab84029529730e7fa
WATER0174.png,water,test,3,b7d99dbf7d3560af2ee0f94c6aabb4016226dc8187ecd0c4cbb026afe556a121
WATER0234.png,water,test,2,aca53089a1b2349fa7606707587d22fb994de208cb407cb1a1611267f809571b
WATER0247.png,water,test,2,efe78acdf4b8f7063655d6e945ca2b687377e77286c3aadef89f2271ecffe4a4
WATER0254.png,water,test,2,4014dc985e883165f999db337ad3d316e2fc4b17a14bd79e6c07925baf5af482
