image,ground_truth_items,detected_items,absolute_category_error,exact_counts,cereal_true,cereal_predicted,coffee_true,coffee_predicted,juice_true,juice_predicted,milk_true,milk_predicted,water_true,water_predicted
CEREAL0007.png,2,2,0,True,2,2,0,0,0,0,0,0,0,0
CEREAL0010.png,3,3,0,True,3,3,0,0,0,0,0,0,0,0
CEREAL0030.png,2,2,0,True,2,2,0,0,0,0,0,0,0,0
CEREAL0046.png,3,5,4,False,3,2,0,1,0,0,0,2,0,0
CEREAL0072.png,2,3,1,False,2,3,0,0,0,0,0,0,0,0
CEREAL0076.png,1,2,1,False,1,2,0,0,0,0,0,0,0,0
CEREAL0131.png,1,2,1,False,1,2,0,0,0,0,0,0,0,0
CEREAL0134.png,2,2,0,True,2,2,0,0,0,0,0,0,0,0
CEREAL0188.png,1,3,2,False,1,2,0,1,0,0,0,0,0,0
CEREAL0189.png,1,2,1,False,1,2,0,0,0,0,0,0,0,0
CEREAL0224.png,1,1,0,True,1,1,0,0,0,0,0,0,0,0
CEREAL0230.png,1,2,3,False,1,0,0,2,0,0,0,0,0,0
CEREAL0241.png,1,1,0,True,1,1,0,0,0,0,0,0,0,0
CEREAL0254.png,1,1,0,True,1,1,0,0,0,0,0,0,0,0
CEREAL0274.png,1,2,1,False,1,1,0,0,0,1,0,0,0,0
COFFEE0003.png,1,1,0,True,0,0,1,1,0,0,0,0,0,0
COFFEE0008.png,2,4,4,False,0,2,2,1,0,0,0,0,0,1
COFFEE0024.png,1,2,1,False,0,0,1,1,0,1,0,0,0,0
COFFEE0042.png,2,2,0,True,0,0,2,2,0,0,0,0,0,0
COFFEE0051.png,2,2,0,True,0,0,2,2,0,0,0,0,0,0
COFFEE0065.png,1,1,0,True,0,0,1,1,0,0,0,0,0,0
COFFEE0068.png,2,2,0,True,0,0,2,2,0,0,0,0,0,0
COFFEE0082.png,1,1,0,True,0,0,1,1,0,0,0,0,0,0
COFFEE0086.png,8,9,1,False,0,0,8,9,0,0,0,0,0,0
COFFEE0142.png,3,4,1,False,0,0,3,4,0,0,0,0,0,0
COFFEE0245.png,2,4,2,False,0,0,2,4,0,0,0,0,0,0
COFFEE0259.png,2,6,4,False,0,1,2,3,0,2,0,0,0,0
COFFEE0261.png,2,4,2,False,0,0,2,4,0,0,0,0,0,0
COFFEE0266.png,2,4,2,False,0,0,2,4,0,0,0,0,0,0
COFFEE0285.png,2,5,3,False,0,0,2,5,0,0,0,0,0,0
JUICE0011.png,1,2,3,False,0,0,0,2,1,0,0,0,0,0
JUICE0031.png,5,1,4,False,0,0,0,0,5,1,0,0,0,0
JUICE0072.png,2,7,5,False,0,0,0,0,2,7,0,0,0,0
JUICE0091.png,2,4,2,False,0,0,0,0,2,4,0,0,0,0
JUICE0102.png,3,4,1,False,0,0,0,0,3,3,0,0,0,1
JUICE0117.png,3,4,1,False,0,0,0,0,3,4,0,0,0,0
JUICE0142.png,4,7,3,False,0,0,0,0,4,5,0,0,0,2
JUICE0153.png,4,5,1,False,0,0,0,0,4,5,0,0,0,0
JUICE0161.png,3,3,0,True,0,0,0,0,3,3,0,0,0,0
JUICE0187.png,4,4,0,True,0,0,0,0,4,4,0,0,0,0
JUICE0200.png,3,3,0,True,0,0,0,0,3,3,0,0,0,0
JUICE0202.png,3,4,1,False,0,0,0,0,3,3,0,0,0,1
JUICE0252.png,2,3,1,False,0,0,0,0,2,2,0,1,0,0
JUICE0254.png,4,3,3,False,0,0,0,0,4,2,0,0,0,1
JUICE0291.png,2,2,0,True,0,0,0,0,2,2,0,0,0,0
MILK0004.png,1,1,0,True,0,0,0,0,0,0,1,1,0,0
MILK0025.png,3,5,2,False,0,2,0,0,0,0,3,3,0,0
MILK0036.png,2,3,1,False,0,0,0,0,0,0,2,3,0,0
MILK0058.png,2,2,0,True,0,0,0,0,0,0,2,2,0,0
MILK0075.png,2,4,2,False,0,0,0,2,0,0,2,2,0,0
MILK0089.png,1,2,1,False,0,0,0,0,0,0,1,2,0,0
MILK0090.png,1,4,3,False,0,0,0,0,0,0,1,4,0,0
MILK0098.png,1,1,0,True,0,0,0,0,0,0,1,1,0,0
MILK0108.png,10,10,2,False,0,0,0,1,0,0,10,9,0,0
MILK0114.png,2,2,0,True,0,0,0,0,0,0,2,2,0,0
MILK0117.png,1,1,0,True,0,0,0,0,0,0,1,1,0,0
MILK0119.png,1,2,1,False,0,0,0,0,0,0,1,2,0,0
MILK0130.png,3,4,1,False,0,0,0,0,0,0,3,4,0,0
MILK0145.png,5,5,0,True,0,0,0,0,0,0,5,5,0,0
MILK0150.png,2,2,0,True,0,0,0,0,0,0,2,2,0,0
WATER0001.png,2,2,0,True,0,0,0,0,0,0,0,0,2,2
WATER0094.png,2,2,0,True,0,0,0,0,0,0,0,0,2,2
WATER0145.png,2,4,2,False,0,0,0,0,0,0,0,0,2,4
WATER0156.png,2,2,0,True,0,0,0,0,0,0,0,0,2,2
WATER0163.png,3,3,0,True,0,0,0,0,0,0,0,0,3,3
WATER0174.png,3,3,2,False,0,0,0,0,0,1,0,0,3,2
WATER0182.png,2,2,0,True,0,0,0,0,0,0,0,0,2,2
WATER0184.png,1,1,0,True,0,0,0,0,0,0,0,0,1,1
WATER0196.png,1,1,0,True,0,0,0,0,0,0,0,0,1,1
WATER0211.png,1,1,0,True,0,0,0,0,0,0,0,0,1,1
WATER0222.png,3,3,0,True,0,0,0,0,0,0,0,0,3,3
WATER0234.png,2,2,0,True,0,0,0,0,0,0,0,0,2,2
WATER0247.png,2,3,1,False,0,0,0,0,0,0,0,0,2,3
WATER0254.png,2,2,0,True,0,0,0,0,0,0,0,0,2,2
WATER0256.png,5,5,0,True,0,0,0,0,0,0,0,0,5,5
